,sepal_length,sepal_width,petal_length,petal_width
sepal_length,1.0,-0.1093208232854695,0.8713045563091528,0.8170583021640021
sepal_width,-0.1093208232854695,1.0,-0.42105739409782933,-0.3563761603697159
petal_length,0.8713045563091528,-0.42105739409782933,1.0,0.9618827517033721
petal_width,0.8170583021640021,-0.3563761603697159,0.9618827517033721,1.0
